{
  "id": "",
  "name": "",
  "font_family": "iconfont",
  "css_prefix_text": "icon-",
  "description": "",
  "glyphs": [
    {
      "icon_id": "90513",
      "name": "15天无理由退货",
      "font_class": "15tianwuliyoutuihuo",
      "unicode": "e606",
      "unicode_decimal": 58886
    },
    {
      "icon_id": "338376",
      "name": "充值",
      "font_class": "chongzhi",
      "unicode": "e618",
      "unicode_decimal": 58904
    },
    {
      "icon_id": "507708",
      "name": "群蜂方向键 - 右",
      "font_class": "qunfengfangxiangjianyou",
      "unicode": "e765",
      "unicode_decimal": 59237
    },
    {
      "icon_id": "562700",
      "name": "Right",
      "font_class": "right",
      "unicode": "e62b",
      "unicode_decimal": 58923
    },
    {
      "icon_id": "720957",
      "name": "购物车",
      "font_class": "xiazai1",
      "unicode": "e600",
      "unicode_decimal": 58880
    },
    {
      "icon_id": "1089338",
      "name": "维修",
      "font_class": "buoumaotubiao46",
      "unicode": "e629",
      "unicode_decimal": 58921
    },
    {
      "icon_id": "1308258",
      "name": "113方向_向右",
      "font_class": "113fangxiang_xiangyou",
      "unicode": "e631",
      "unicode_decimal": 58929
    },
    {
      "icon_id": "1308261",
      "name": "115方向_向左",
      "font_class": "115fangxiang_xiangzuo",
      "unicode": "e632",
      "unicode_decimal": 58930
    },
    {
      "icon_id": "2116278",
      "name": "礼物",
      "font_class": "gift_icon",
      "unicode": "e65a",
      "unicode_decimal": 58970
    },
    {
      "icon_id": "4165951",
      "name": "钱",
      "font_class": "qian",
      "unicode": "e60a",
      "unicode_decimal": 58890
    },
    {
      "icon_id": "4485645",
      "name": "个人",
      "font_class": "geren",
      "unicode": "e52a",
      "unicode_decimal": 58666
    },
    {
      "icon_id": "4602245",
      "name": "额度转换",
      "font_class": "eduzhuanhuan",
      "unicode": "e63e",
      "unicode_decimal": 58942
    },
    {
      "icon_id": "5524658",
      "name": "message",
      "font_class": "message",
      "unicode": "e504",
      "unicode_decimal": 58628
    },
    {
      "icon_id": "6003698",
      "name": "手机",
      "font_class": "shouji",
      "unicode": "e621",
      "unicode_decimal": 58913
    },
    {
      "icon_id": "6367275",
      "name": "F",
      "font_class": "F",
      "unicode": "e61f",
      "unicode_decimal": 58911
    },
    {
      "icon_id": "6556877",
      "name": "微博",
      "font_class": "weibo",
      "unicode": "e619",
      "unicode_decimal": 58905
    },
    {
      "icon_id": "8361756",
      "name": "大楼",
      "font_class": "dalou",
      "unicode": "e6bc",
      "unicode_decimal": 59068
    },
    {
      "icon_id": "11177805",
      "name": "播放",
      "font_class": "ziyuan",
      "unicode": "e633",
      "unicode_decimal": 58931
    },
    {
      "icon_id": "11394831",
      "name": "clock",
      "font_class": "clock",
      "unicode": "e656",
      "unicode_decimal": 58966
    },
    {
      "icon_id": "12225066",
      "name": "search",
      "font_class": "search",
      "unicode": "e615",
      "unicode_decimal": 58901
    },
    {
      "icon_id": "14112236",
      "name": "top",
      "font_class": "top",
      "unicode": "e61d",
      "unicode_decimal": 58909
    },
    {
      "icon_id": "14670885",
      "name": "位置",
      "font_class": "weizhi",
      "unicode": "e616",
      "unicode_decimal": 58902
    },
    {
      "icon_id": "14966524",
      "name": "7天退换货",
      "font_class": "7tiantuihuanhuo",
      "unicode": "e620",
      "unicode_decimal": 58912
    },
    {
      "icon_id": "15167670",
      "name": "right",
      "font_class": "right_5",
      "unicode": "e65c",
      "unicode_decimal": 58972
    },
    {
      "icon_id": "15695373",
      "name": "内存卡",
      "font_class": "neicunka",
      "unicode": "e6ca",
      "unicode_decimal": 59082
    },
    {
      "icon_id": "15784817",
      "name": "维修",
      "font_class": "weixiu",
      "unicode": "e74b",
      "unicode_decimal": 59211
    },
    {
      "icon_id": "18042477",
      "name": "客服",
      "font_class": "kefu",
      "unicode": "e625",
      "unicode_decimal": 58917
    },
    {
      "icon_id": "18727261",
      "name": "wechat",
      "font_class": "wechat",
      "unicode": "e60d",
      "unicode_decimal": 58893
    }
  ]
}
