{
  "id": "",
  "name": "",
  "font_family": "iconfont",
  "css_prefix_text": "icon-",
  "description": "",
  "glyphs": [
    {
      "icon_id": "986225",
      "name": "微博",
      "font_class": "weibo-copy",
      "unicode": "e65a",
      "unicode_decimal": 58970
    },
    {
      "icon_id": "1002155",
      "name": "微信",
      "font_class": "weixin",
      "unicode": "e6b3",
      "unicode_decimal": 59059
    },
    {
      "icon_id": "1274418",
      "name": "icon_QQ",
      "font_class": "QQ",
      "unicode": "e65e",
      "unicode_decimal": 58974
    },
    {
      "icon_id": "8574987",
      "name": "支付宝",
      "font_class": "zhifubao",
      "unicode": "e60a",
      "unicode_decimal": 58890
    }
  ]
}
