{
  "id": "",
  "name": "",
  "font_family": "iconfont",
  "css_prefix_text": "icon-",
  "description": "",
  "glyphs": [
    {
      "icon_id": "74487630",
      "name": "address-Fill",
      "font_class": "address-Fill",
      "unicode": "e8d0",
      "unicode_decimal": 59600
    },
    {
      "icon_id": "74487631",
      "name": "Automotive-fill",
      "font_class": "Automotive-fill",
      "unicode": "e8d1",
      "unicode_decimal": 59601
    },
    {
      "icon_id": "74487632",
      "name": "bank-Fill",
      "font_class": "bank-Fill",
      "unicode": "e8d2",
      "unicode_decimal": 59602
    }
  ]
}
